text,label
I love this movie it was amazing,positive
This is the best product I have ever bought,positive
Absolutely wonderful experience from start to finish,positive
The service was excellent and the staff were friendly,positive
I really enjoyed every minute of this book,positive
Fantastic quality and fast shipping highly recommend,positive
This restaurant serves delicious and amazing food,positive
Such a brilliant and inspiring performance,positive
I am so happy with this purchase,positive
The team did an outstanding and wonderful job,positive
Great value for money and superb quality,positive
This app is intuitive and a joy to use,positive
The concert was thrilling and unforgettable,positive
Wonderful customer support they were so helpful,positive
This is an amazing and beautifully written story,positive
I had a fantastic time on this trip,positive
The hotel room was clean and absolutely lovely,positive
Excellent craftsmanship and a delightful design,positive
I am thrilled with how well this worked,positive
The film was a masterpiece truly brilliant,positive
Such a pleasant and relaxing weekend getaway,positive
The coffee here is rich and wonderful,positive
Amazing customer service and a smooth checkout,positive
This gadget exceeded my expectations completely,positive
A charming and delightful little cafe,positive
The tutorial was clear and extremely helpful,positive
I would happily recommend this to everyone,positive
The performance was flawless and inspiring,positive
This laptop is fast sleek and reliable,positive
What a joyful and memorable celebration,positive
This movie was a complete waste of time,negative
Terrible quality it broke after one use,negative
The worst customer service I have ever experienced,negative
I was extremely disappointed with this purchase,negative
The food was bland and arrived cold,negative
This book was boring and poorly written,negative
Awful experience I would not recommend it,negative
The staff were rude and unhelpful,negative
This product stopped working after a week,negative
Such a horrible and frustrating experience,negative
The hotel room was dirty and cramped,negative
I regret buying this cheap and flimsy item,negative
The concert was disappointing and poorly organized,negative
This app crashes constantly and is very buggy,negative
The service was slow and the staff careless,negative
A dreadful and forgettable performance overall,negative
The coffee tasted bitter and stale,negative
This gadget broke within a single day,negative
I am furious about this terrible mistake,negative
The film was dull and painfully long,negative
Such an unpleasant and stressful weekend,negative
This laptop is slow heavy and unreliable,negative
The tutorial was confusing and unhelpful,negative
I would never recommend this to anyone,negative
The performance was sloppy and uninspired,negative
What a miserable and forgettable celebration,negative
The customer support ignored my complaints,negative
This restaurant serves overpriced and awful food,negative
The design is ugly and impractical,negative
I am deeply unhappy with this outcome,negative
